<?xml version="1.0" encoding="UTF-8" ?>
<MPCDI profile="3d" geometry="2" color="1" date="2022-12-07 09-27-28" version="2.0">
    <display>
        <buffer id="0">
            <region id="Rear" xResolution="1920" yResolution="1080" x="0.0" y="0.0" xsize="1.0" ysize="1.0">
                <frustum>
                    <yaw>-0.000000</yaw>
                    <pitch>-0.000000</pitch>
                    <roll>-0.000000</roll>
                    <rightAngle>21.801409</rightAngle>
                    <leftAngle>-21.801409</leftAngle>
                    <upAngle>12.680382</upAngle>
                    <downAngle>-12.680382</downAngle>
                </frustum>
                <coordinateFrame>
                    <posx>0.000000</posx>
                    <posy>0.500000</posy>
                    <posz>3.000000</posz>
                    <yawx>0.0</yawx>
                    <yawy>-1.0</yawy>
                    <yawz>0.0</yawz>
                    <pitchx>1.0</pitchx>
                    <pitchy>0.0</pitchy>
                    <pitchz>0.0</pitchz>
                    <rollx>0.0</rollx>
                    <rolly>0.0</rolly>
                    <rollz>-1.0</rollz>
                </coordinateFrame>
            </region>
            <region id="Front" xResolution="1920" yResolution="1080" x="0.0" y="0.0" xsize="1.0" ysize="1.0">
                <frustum>
                    <yaw>-180.000000</yaw>
                    <pitch>-0.000000</pitch>
                    <roll>-0.000000</roll>
                    <rightAngle>21.801409</rightAngle>
                    <leftAngle>-21.801409</leftAngle>
                    <upAngle>12.680382</upAngle>
                    <downAngle>-12.680382</downAngle>
                </frustum>
                <coordinateFrame>
                    <posx>0.000000</posx>
                    <posy>0.500000</posy>
                    <posz>-3.000000</posz>
                    <yawx>0.0</yawx>
                    <yawy>-1.0</yawy>
                    <yawz>0.0</yawz>
                    <pitchx>1.0</pitchx>
                    <pitchy>0.0</pitchy>
                    <pitchz>0.0</pitchz>
                    <rollx>0.0</rollx>
                    <rolly>0.0</rolly>
                    <rollz>-1.0</rollz>
                </coordinateFrame>
            </region>
            <region id="Left" xResolution="1920" yResolution="1080" x="0.0" y="0.0" xsize="1.0" ysize="1.0">
                <frustum>
                    <yaw>-90.000008</yaw>
                    <pitch>-0.000000</pitch>
                    <roll>-0.000000</roll>
                    <rightAngle>21.801409</rightAngle>
                    <leftAngle>-21.801409</leftAngle>
                    <upAngle>12.680382</upAngle>
                    <downAngle>-12.680382</downAngle>
                </frustum>
                <coordinateFrame>
                    <posx>3.000000</posx>
                    <posy>0.500000</posy>
                    <posz>0.000000</posz>
                    <yawx>0.0</yawx>
                    <yawy>-1.0</yawy>
                    <yawz>0.0</yawz>
                    <pitchx>1.0</pitchx>
                    <pitchy>0.0</pitchy>
                    <pitchz>0.0</pitchz>
                    <rollx>0.0</rollx>
                    <rolly>0.0</rolly>
                    <rollz>-1.0</rollz>
                </coordinateFrame>
            </region>
            <region id="Right" xResolution="1920" yResolution="1080" x="0.0" y="0.0" xsize="1.0" ysize="1.0">
                <frustum>
                    <yaw>90.000008</yaw>
                    <pitch>-0.000000</pitch>
                    <roll>-0.000000</roll>
                    <rightAngle>21.801409</rightAngle>
                    <leftAngle>-21.801409</leftAngle>
                    <upAngle>12.680382</upAngle>
                    <downAngle>-12.680382</downAngle>
                </frustum>
                <coordinateFrame>
                    <posx>-3.000000</posx>
                    <posy>0.500000</posy>
                    <posz>0.000000</posz>
                    <yawx>0.0</yawx>
                    <yawy>-1.0</yawy>
                    <yawz>0.0</yawz>
                    <pitchx>1.0</pitchx>
                    <pitchy>0.0</pitchy>
                    <pitchz>0.0</pitchz>
                    <rollx>0.0</rollx>
                    <rolly>0.0</rolly>
                    <rollz>-1.0</rollz>
                </coordinateFrame>
            </region>
            <region id="Top" xResolution="1920" yResolution="1080" x="0.0" y="0.0" xsize="1.0" ysize="1.0">
                <frustum>
                    <yaw>-180.000000</yaw>
                    <pitch>-90.000000</pitch>
                    <roll>-0.000000</roll>
                    <rightAngle>21.801409</rightAngle>
                    <leftAngle>-21.801409</leftAngle>
                    <upAngle>12.680382</upAngle>
                    <downAngle>-12.680382</downAngle>
                </frustum>
                <coordinateFrame>
                    <posx>0.000000</posx>
                    <posy>3.000000</posy>
                    <posz>0.000000</posz>
                    <yawx>0.0</yawx>
                    <yawy>-1.0</yawy>
                    <yawz>0.0</yawz>
                    <pitchx>1.0</pitchx>
                    <pitchy>0.0</pitchy>
                    <pitchz>0.0</pitchz>
                    <rollx>0.0</rollx>
                    <rolly>0.0</rolly>
                    <rollz>-1.0</rollz>
                </coordinateFrame>
            </region>
            <region id="Bottom" xResolution="1920" yResolution="1080" x="0.0" y="0.0" xsize="1.0" ysize="1.0">
                <frustum>
                    <yaw>-180.000000</yaw>
                    <pitch>90.000000</pitch>
                    <roll>-0.000000</roll>
                    <rightAngle>21.801409</rightAngle>
                    <leftAngle>-21.801409</leftAngle>
                    <upAngle>12.680382</upAngle>
                    <downAngle>-12.680382</downAngle>
                </frustum>
                <coordinateFrame>
                    <posx>0.000000</posx>
                    <posy>-3.000000</posy>
                    <posz>0.000000</posz>
                    <yawx>0.0</yawx>
                    <yawy>-1.0</yawy>
                    <yawz>0.0</yawz>
                    <pitchx>1.0</pitchx>
                    <pitchy>0.0</pitchy>
                    <pitchz>0.0</pitchz>
                    <rollx>0.0</rollx>
                    <rolly>0.0</rolly>
                    <rollz>-1.0</rollz>
                </coordinateFrame>
            </region>
        </buffer>
    </display>
</MPCDI>
